ID,Distance,Variety,,,,,,,,,,,,,,
1,0.189285714,ATOL,,,,,,,,,,,,,,
2,0.21877551,ATOL,,,,,,,,,,,,,,
3,0.248265306,ATOL,,,,,,,,,,,,,,
4,0.224897959,ATOL,,,,,,,,,,,,,,
5,0.204183673,ATOL,,,,,,,,,,,,,,
6,0.252040816,ATOL,,,,,,,,,,,,,,
7,0.223367347,ATOL,,,,,,,,,,,,,,
8,0.240102041,ATOL,,,,,,,,,,,,,,
9,0.20744898,ATOL,,,,,,,,,,,,,,
10,0.247857143,ATOL,,,,,,,,,,,,,,
11,0.341632653,ATOL,,,,,,,,,,,,,,
12,0.235510204,ATOL,,,,,,,,,,,,,,
13,0.26377551,ATOL,,,,,,,,,,,,,,
14,0.225816327,ATOL,,,,,,,,,,,,,,
15,0.25122449,ATOL,,,,,,,,,,,,,,
16,0.210102041,ATOL,,,,,,,,,,,,,,
17,0.268163265,ATOL,,,,,,,,,,,,,,
18,0.239897959,ATOL,,,,,,,,,,,,,,
19,0.228265306,ATOL,,,,,,,,,,,,,,
20,0.261938776,ATOL,,,,,,,,,,,,,,
21,0.255816327,ATOL,,,,,,,,,,,,,,
22,0.226530612,ATOL,,,,,,,,,,,,,,
23,0.220306122,ATOL,,,,,,,,,,,,,,
24,0.271836735,ATOL,,,,,,,,,,,,,,
25,0.348571429,ATOL,,,,,,,,,,,,,,
26,0.263265306,ATOL,,,,,,,,,,,,,,
27,0.265714286,ATOL,,,,,,,,,,,,,,
28,0.252142857,ATOL,,,,,,,,,,,,,,
29,0.268673469,ATOL,,,,,,,,,,,,,,
30,0.246734694,ATOL,,,,,,,,,,,,,,
31,0.285918367,ATOL,,,,,,,,,,,,,,
32,0.235816327,ATOL,,,,,,,,,,,,,,
33,0.275306122,ATOL,,,,,,,,,,,,,,
34,0.258265306,ATOL,,,,,,,,,,,,,,
35,0.246938776,ATOL,,,,,,,,,,,,,,
36,0.232653061,ATOL,,,,,,,,,,,,,,
37,0.284795918,ATOL,,,,,,,,,,,,,,
38,0.298061224,ATOL,,,,,,,,,,,,,,
39,0.293979592,ATOL,,,,,,,,,,,,,,
40,0.246938776,ATOL,,,,,,,,,,,,,,
41,0.255816327,ATOL,,,,,,,,,,,,,,
42,0.255816327,ATOL,,,,,,,,,,,,,,
43,0.322142857,ATOL,,,,,,,,,,,,,,
44,0.319285714,ATOL,,,,,,,,,,,,,,
45,0.305,ATOL,,,,,,,,,,,,,,
46,0.253877551,ATOL,,,,,,,,,,,,,,
47,0.24744898,ATOL,,,,,,,,,,,,,,
48,0.256734694,ATOL,,,,,,,,,,,,,,
49,0.276530612,ATOL,,,,,,,,,,,,,,
50,0.368061224,ATOL,,,,,,,,,,,,,,
51,0.311632653,ATOL,,,,,,,,,,,,,,
52,0.255510204,ATOL,,,,,,,,,,,,,,
53,0.263673469,ATOL,,,,,,,,,,,,,,
54,0.287346939,ATOL,,,,,,,,,,,,,,
55,0.218265306,ATOL,,,,,,,,,,,,,,
56,0.243163265,ATOL,,,,,,,,,,,,,,
57,0.28122449,ATOL,,,,,,,,,,,,,,
58,0.248469388,ATOL,,,,,,,,,,,,,,
59,0.236938776,ATOL,,,,,,,,,,,,,,
60,0.280714286,ATOL,,,,,,,,,,,,,,
61,0.35877551,ATOL,,,,,,,,,,,,,,
62,0.224795918,ATOL,,,,,,,,,,,,,,
63,0.304897959,ATOL,,,,,,,,,,,,,,
64,0.289183673,ATOL,,,,,,,,,,,,,,
65,0.269489796,ATOL,,,,,,,,,,,,,,
66,0.242653061,ATOL,,,,,,,,,,,,,,
67,0.268061224,ATOL,,,,,,,,,,,,,,
68,0.27877551,ATOL,,,,,,,,,,,,,,
69,0.213265306,ATOL,,,,,,,,,,,,,,
70,0.249285714,ATOL,,,,,,,,,,,,,,
71,0.287142857,ATOL,,,,,,,,,,,,,,
72,0.240102041,ATOL,,,,,,,,,,,,,,
73,0.253367347,ATOL,,,,,,,,,,,,,,
74,0.240714286,ATOL,,,,,,,,,,,,,,
75,0.236428571,ATOL,,,,,,,,,,,,,,
76,0.297346939,ATOL,,,,,,,,,,,,,,
77,0.284897959,ATOL,,,,,,,,,,,,,,
78,0.245612245,ATOL,,,,,,,,,,,,,,
79,0.280204082,ATOL,,,,,,,,,,,,,,
80,0.295918367,ATOL,,,,,,,,,,,,,,
81,0.223061224,ATOL,,,,,,,,,,,,,,
82,0.311326531,ATOL,,,,,,,,,,,,,,
83,0.272142857,ATOL,,,,,,,,,,,,,,
84,0.258673469,ATOL,,,,,,,,,,,,,,
85,0.251632653,ATOL,,,,,,,,,,,,,,
86,0.220918367,ATOL,,,,,,,,,,,,,,
87,0.29755102,ATOL,,,,,,,,,,,,,,
88,0.351734694,ATOL,,,,,,,,,,,,,,
89,0.293571429,ATOL,,,,,,,,,,,,,,
90,0.243673469,ATOL,,,,,,,,,,,,,,
91,0.207653061,ATOL,,,,,,,,,,,,,,
92,0.292244898,ATOL,,,,,,,,,,,,,,
93,0.228061224,ATOL,,,,,,,,,,,,,,
94,0.303469388,ATOL,,,,,,,,,,,,,,
95,0.37877551,ATOL,,,,,,,,,,,,,,
96,0.270816327,ATOL,,,,,,,,,,,,,,
97,0.297142857,ATOL,,,,,,,,,,,,,,
98,0.281326531,ATOL,,,,,,,,,,,,,,
99,0.264489796,ATOL,,,,,,,,,,,,,,
100,0.220204082,ATOL,,,,,,,,,,,,,,
101,0.302755102,ATOL,,,,,,,,,,,,,,
102,0.257346939,ATOL,,,,,,,,,,,,,,
103,0.197755102,ATOL,,,,,,,,,,,,,,
104,0.200306122,ATOL,,,,,,,,,,,,,,
105,0.216632653,ATOL,,,,,,,,,,,,,,
106,0.281632653,ATOL,,,,,,,,,,,,,,
107,0.273367347,ATOL,,,,,,,,,,,,,,
108,0.231530612,ATOL,,,,,,,,,,,,,,
109,0.243673469,ATOL,,,,,,,,,,,,,,
110,0.249693878,ATOL,,,,,,,,,,,,,,
111,0.334897959,ATOL,,,,,,,,,,,,,,
112,0.302959184,ATOL,,,,,,,,,,,,,,
113,0.326836735,ATOL,,,,,,,,,,,,,,
114,0.252857143,ATOL,,,,,,,,,,,,,,
115,0.32244898,ATOL,,,,,,,,,,,,,,
116,0.285408163,ATOL,,,,,,,,,,,,,,
117,0.25244898,ATOL,,,,,,,,,,,,,,
118,0.194489796,ATOL,,,,,,,,,,,,,,
119,0.236734694,ATOL,,,,,,,,,,,,,,
120,0.248061224,ATOL,,,,,,,,,,,,,,
121,0.192040816,DESIREE,,,,,,,,,,,,,,
122,0.277346939,DESIREE,,,,,,,,,,,,,,
123,0.275714286,DESIREE,,,,,,,,,,,,,,
124,0.269693878,DESIREE,,,,,,,,,,,,,,
125,0.295510204,DESIREE,,,,,,,,,,,,,,
126,0.25255102,DESIREE,,,,,,,,,,,,,,
127,0.320714286,DESIREE,,,,,,,,,,,,,,
128,0.277346939,DESIREE,,,,,,,,,,,,,,
129,0.267857143,DESIREE,,,,,,,,,,,,,,
130,0.243673469,DESIREE,,,,,,,,,,,,,,
131,0.252346939,DESIREE,,,,,,,,,,,,,,
132,0.29755102,DESIREE,,,,,,,,,,,,,,
133,0.273469388,DESIREE,,,,,,,,,,,,,,
134,0.321428571,DESIREE,,,,,,,,,,,,,,
135,0.26877551,DESIREE,,,,,,,,,,,,,,
136,0.288163265,DESIREE,,,,,,,,,,,,,,
137,0.252755102,DESIREE,,,,,,,,,,,,,,
138,0.298877551,DESIREE,,,,,,,,,,,,,,
139,0.300510204,DESIREE,,,,,,,,,,,,,,
140,0.264897959,DESIREE,,,,,,,,,,,,,,
141,0.316530612,DESIREE,,,,,,,,,,,,,,
142,0.265714286,DESIREE,,,,,,,,,,,,,,
143,0.333979592,DESIREE,,,,,,,,,,,,,,
144,0.318979592,DESIREE,,,,,,,,,,,,,,
145,0.27744898,DESIREE,,,,,,,,,,,,,,
146,0.255204082,DESIREE,,,,,,,,,,,,,,
147,0.254693878,DESIREE,,,,,,,,,,,,,,
148,0.341020408,DESIREE,,,,,,,,,,,,,,
149,0.296938776,DESIREE,,,,,,,,,,,,,,
150,0.335,DESIREE,,,,,,,,,,,,,,
151,0.252346939,DESIREE,,,,,,,,,,,,,,
152,0.283979592,DESIREE,,,,,,,,,,,,,,
153,0.270102041,DESIREE,,,,,,,,,,,,,,
154,0.261020408,DESIREE,,,,,,,,,,,,,,
155,0.278265306,DESIREE,,,,,,,,,,,,,,
156,0.255408163,DESIREE,,,,,,,,,,,,,,
157,0.225408163,DESIREE,,,,,,,,,,,,,,
158,0.303265306,DESIREE,,,,,,,,,,,,,,
159,0.271122449,DESIREE,,,,,,,,,,,,,,
160,0.233061224,DESIREE,,,,,,,,,,,,,,
161,0.285102041,DESIREE,,,,,,,,,,,,,,
162,0.269387755,DESIREE,,,,,,,,,,,,,,
163,0.284795918,DESIREE,,,,,,,,,,,,,,
164,0.273673469,DESIREE,,,,,,,,,,,,,,
165,0.316734694,DESIREE,,,,,,,,,,,,,,
166,0.286734694,DESIREE,,,,,,,,,,,,,,
167,0.285408163,DESIREE,,,,,,,,,,,,,,
168,0.298469388,DESIREE,,,,,,,,,,,,,,
169,0.248673469,DESIREE,,,,,,,,,,,,,,
170,0.255612245,DESIREE,,,,,,,,,,,,,,
171,0.269897959,DESIREE,,,,,,,,,,,,,,
172,0.366734694,DESIREE,,,,,,,,,,,,,,
173,0.31755102,DESIREE,,,,,,,,,,,,,,
174,0.261020408,DESIREE,,,,,,,,,,,,,,
175,0.265306122,DESIREE,,,,,,,,,,,,,,
176,0.268979592,DESIREE,,,,,,,,,,,,,,
177,0.274897959,DESIREE,,,,,,,,,,,,,,
178,0.277244898,DESIREE,,,,,,,,,,,,,,
179,0.302959184,DESIREE,,,,,,,,,,,,,,
180,0.266734694,DESIREE,,,,,,,,,,,,,,
181,0.274183673,DESIREE,,,,,,,,,,,,,,
182,0.274897959,DESIREE,,,,,,,,,,,,,,
183,0.234489796,DESIREE,,,,,,,,,,,,,,
184,0.312653061,DESIREE,,,,,,,,,,,,,,
185,0.359183673,DESIREE,,,,,,,,,,,,,,
186,0.316632653,DESIREE,,,,,,,,,,,,,,
187,0.285816327,DESIREE,,,,,,,,,,,,,,
188,0.229285714,DESIREE,,,,,,,,,,,,,,
189,0.280510204,DESIREE,,,,,,,,,,,,,,
190,0.315408163,DESIREE,,,,,,,,,,,,,,
191,0.312142857,DESIREE,,,,,,,,,,,,,,
192,0.33877551,DESIREE,,,,,,,,,,,,,,
193,0.21744898,DESIREE,,,,,,,,,,,,,,
194,0.271530612,DESIREE,,,,,,,,,,,,,,
195,0.228061224,DESIREE,,,,,,,,,,,,,,
196,0.296734694,DESIREE,,,,,,,,,,,,,,
197,0.361326531,DESIREE,,,,,,,,,,,,,,
198,0.320714286,DESIREE,,,,,,,,,,,,,,
199,0.289387755,DESIREE,,,,,,,,,,,,,,
200,0.28744898,DESIREE,,,,,,,,,,,,,,
201,0.303979592,DESIREE,,,,,,,,,,,,,,
202,0.30255102,DESIREE,,,,,,,,,,,,,,
203,0.299387755,DESIREE,,,,,,,,,,,,,,
204,0.336530612,DESIREE,,,,,,,,,,,,,,
205,0.257857143,DESIREE,,,,,,,,,,,,,,
206,0.25877551,DESIREE,,,,,,,,,,,,,,
207,0.284387755,DESIREE,,,,,,,,,,,,,,
208,0.24744898,DESIREE,,,,,,,,,,,,,,
209,0.222040816,DESIREE,,,,,,,,,,,,,,
210,0.181632653,DESIREE,,,,,,,,,,,,,,
211,0.256122449,DESIREE,,,,,,,,,,,,,,
212,0.214183673,DESIREE,,,,,,,,,,,,,,
213,0.232755102,DESIREE,,,,,,,,,,,,,,
214,0.210408163,DESIREE,,,,,,,,,,,,,,
215,0.240816327,DESIREE,,,,,,,,,,,,,,
216,0.229081633,DESIREE,,,,,,,,,,,,,,
217,0.240612245,DESIREE,,,,,,,,,,,,,,
218,0.248877551,DESIREE,,,,,,,,,,,,,,
219,0.271428571,DESIREE,,,,,,,,,,,,,,
220,0.288367347,DESIREE,,,,,,,,,,,,,,
221,0.325,DESIREE,,,,,,,,,,,,,,
222,0.271326531,DESIREE,,,,,,,,,,,,,,
223,0.341530612,DESIREE,,,,,,,,,,,,,,
224,0.302755102,DESIREE,,,,,,,,,,,,,,
225,0.293061224,DESIREE,,,,,,,,,,,,,,
226,0.302244898,DESIREE,,,,,,,,,,,,,,
227,0.311122449,DESIREE,,,,,,,,,,,,,,
228,0.330918367,DESIREE,,,,,,,,,,,,,,
229,0.247653061,DESIREE,,,,,,,,,,,,,,
230,0.28877551,DESIREE,,,,,,,,,,,,,,
231,0.241428571,DESIREE,,,,,,,,,,,,,,
232,0.278979592,DESIREE,,,,,,,,,,,,,,
233,0.293673469,DESIREE,,,,,,,,,,,,,,
234,0.296122449,DESIREE,,,,,,,,,,,,,,
235,0.288877551,DESIREE,,,,,,,,,,,,,,
236,0.293265306,DESIREE,,,,,,,,,,,,,,
237,0.281836735,DESIREE,,,,,,,,,,,,,,
238,0.213469388,DESIREE,,,,,,,,,,,,,,
239,0.235816327,DESIREE,,,,,,,,,,,,,,
240,0.262857143,DESIREE,,,,,,,,,,,,,,
241,0.245918367,DESIREE,,,,,,,,,,,,,,
242,0.25122449,DESIREE,,,,,,,,,,,,,,
243,0.251326531,DESIREE,,,,,,,,,,,,,,
244,0.220510204,DESIREE,,,,,,,,,,,,,,
245,0.262653061,DESIREE,,,,,,,,,,,,,,
246,0.218571429,DESIREE,,,,,,,,,,,,,,
247,0.313877551,DESIREE,,,,,,,,,,,,,,
248,0.298061224,DESIREE,,,,,,,,,,,,,,
249,0.315714286,DESIREE,,,,,,,,,,,,,,
250,0.220918367,DESIREE,,,,,,,,,,,,,,
251,0.228163265,DESIREE,,,,,,,,,,,,,,
252,0.228469388,DESIREE,,,,,,,,,,,,,,
253,0.291938776,DESIREE,,,,,,,,,,,,,,
254,0.278265306,DESIREE,,,,,,,,,,,,,,
255,0.27744898,DESIREE,,,,,,,,,,,,,,
256,0.223367347,DESIREE,,,,,,,,,,,,,,
257,0.268163265,DESIREE,,,,,,,,,,,,,,
258,0.257755102,DESIREE,,,,,,,,,,,,,,
259,0.186938776,DESIREE,,,,,,,,,,,,,,
260,0.255102041,DESIREE,,,,,,,,,,,,,,
261,0.271428571,DESIREE,,,,,,,,,,,,,,
262,0.250102041,DESIREE,,,,,,,,,,,,,,
263,0.242959184,DESIREE,,,,,,,,,,,,,,
264,0.218673469,DESIREE,,,,,,,,,,,,,,
265,0.253163265,DESIREE,,,,,,,,,,,,,,
266,0.230408163,DESIREE,,,,,,,,,,,,,,
267,0.255918367,DESIREE,,,,,,,,,,,,,,
268,0.270408163,DESIREE,,,,,,,,,,,,,,
269,0.250714286,DESIREE,,,,,,,,,,,,,,
270,0.266122449,DESIREE,,,,,,,,,,,,,,
271,0.205204082,DESIREE,,,,,,,,,,,,,,
272,0.19255102,DESIREE,,,,,,,,,,,,,,
273,0.227244898,DESIREE,,,,,,,,,,,,,,
274,0.314693878,JELLY,,,,,,,,,,,,,,
275,0.249591837,JELLY,,,,,,,,,,,,,,
276,0.245306122,JELLY,,,,,,,,,,,,,,
277,0.325408163,JELLY,,,,,,,,,,,,,,
278,0.249897959,JELLY,,,,,,,,,,,,,,
279,0.310204082,JELLY,,,,,,,,,,,,,,
280,0.255,JELLY,,,,,,,,,,,,,,
281,0.202857143,JELLY,,,,,,,,,,,,,,
282,0.324693878,JELLY,,,,,,,,,,,,,,
283,0.285408163,JELLY,,,,,,,,,,,,,,
284,0.307346939,JELLY,,,,,,,,,,,,,,
285,0.25755102,JELLY,,,,,,,,,,,,,,
286,0.288673469,JELLY,,,,,,,,,,,,,,
287,0.250102041,JELLY,,,,,,,,,,,,,,
288,0.247755102,JELLY,,,,,,,,,,,,,,
289,0.271020408,JELLY,,,,,,,,,,,,,,
290,0.220612245,JELLY,,,,,,,,,,,,,,
291,0.261836735,JELLY,,,,,,,,,,,,,,
292,0.263469388,JELLY,,,,,,,,,,,,,,
293,0.255612245,JELLY,,,,,,,,,,,,,,
294,0.300408163,JELLY,,,,,,,,,,,,,,
295,0.276428571,JELLY,,,,,,,,,,,,,,
296,0.262244898,JELLY,,,,,,,,,,,,,,
297,0.302244898,JELLY,,,,,,,,,,,,,,
298,0.26244898,JELLY,,,,,,,,,,,,,,
299,0.315816327,JELLY,,,,,,,,,,,,,,
300,0.299693878,JELLY,,,,,,,,,,,,,,
301,0.222857143,JELLY,,,,,,,,,,,,,,
302,0.250612245,JELLY,,,,,,,,,,,,,,
303,0.269591837,JELLY,,,,,,,,,,,,,,
304,0.28877551,JELLY,,,,,,,,,,,,,,
305,0.203061224,JELLY,,,,,,,,,,,,,,
306,0.243367347,JELLY,,,,,,,,,,,,,,
307,0.287142857,JELLY,,,,,,,,,,,,,,
308,0.234489796,JELLY,,,,,,,,,,,,,,
309,0.291734694,JELLY,,,,,,,,,,,,,,
310,0.224387755,JELLY,,,,,,,,,,,,,,
311,0.297857143,JELLY,,,,,,,,,,,,,,
312,0.262959184,JELLY,,,,,,,,,,,,,,
313,0.260918367,JELLY,,,,,,,,,,,,,,
314,0.284285714,JELLY,,,,,,,,,,,,,,
315,0.288265306,JELLY,,,,,,,,,,,,,,
316,0.210204082,JELLY,,,,,,,,,,,,,,
317,0.194897959,JELLY,,,,,,,,,,,,,,
318,0.266020408,JELLY,,,,,,,,,,,,,,
319,0.251836735,JELLY,,,,,,,,,,,,,,
320,0.265714286,JELLY,,,,,,,,,,,,,,
321,0.218979592,JELLY,,,,,,,,,,,,,,
322,0.265816327,JELLY,,,,,,,,,,,,,,
323,0.240102041,JELLY,,,,,,,,,,,,,,
324,0.239795918,JELLY,,,,,,,,,,,,,,
325,0.229693878,JELLY,,,,,,,,,,,,,,
326,0.205,JELLY,,,,,,,,,,,,,,
327,0.282959184,JELLY,,,,,,,,,,,,,,
328,0.252755102,JELLY,,,,,,,,,,,,,,
329,0.216530612,JELLY,,,,,,,,,,,,,,
330,0.26122449,JELLY,,,,,,,,,,,,,,
331,0.217244898,JELLY,,,,,,,,,,,,,,
332,0.279489796,JELLY,,,,,,,,,,,,,,
333,0.280612245,JELLY,,,,,,,,,,,,,,
334,0.19377551,JELLY,,,,,,,,,,,,,,
335,0.201632653,JELLY,,,,,,,,,,,,,,
336,0.221530612,JELLY,,,,,,,,,,,,,,
337,0.282755102,JELLY,,,,,,,,,,,,,,
338,0.231530612,JELLY,,,,,,,,,,,,,,
339,0.267959184,JELLY,,,,,,,,,,,,,,
340,0.283265306,JELLY,,,,,,,,,,,,,,
341,0.273469388,JELLY,,,,,,,,,,,,,,
342,0.257653061,JELLY,,,,,,,,,,,,,,
343,0.216632653,JELLY,,,,,,,,,,,,,,
344,0.273673469,JELLY,,,,,,,,,,,,,,
345,0.295,JELLY,,,,,,,,,,,,,,
346,0.255612245,JELLY,,,,,,,,,,,,,,
347,0.298265306,JELLY,,,,,,,,,,,,,,
348,0.285204082,JELLY,,,,,,,,,,,,,,
349,0.280612245,JELLY,,,,,,,,,,,,,,
350,0.261836735,JELLY,,,,,,,,,,,,,,
351,0.211938776,JELLY,,,,,,,,,,,,,,
352,0.296734694,JELLY,,,,,,,,,,,,,,
353,0.232346939,JELLY,,,,,,,,,,,,,,
354,0.291020408,JELLY,,,,,,,,,,,,,,
355,0.219591837,JELLY,,,,,,,,,,,,,,
356,0.266632653,JELLY,,,,,,,,,,,,,,
357,0.246326531,JELLY,,,,,,,,,,,,,,
358,0.311326531,JELLY,,,,,,,,,,,,,,
359,0.253571429,JELLY,,,,,,,,,,,,,,
360,0.28,JELLY,,,,,,,,,,,,,,
361,0.24377551,JELLY,,,,,,,,,,,,,,
362,0.265510204,JELLY,,,,,,,,,,,,,,
363,0.240612245,JELLY,,,,,,,,,,,,,,
364,0.197959184,JELLY,,,,,,,,,,,,,,
365,0.186530612,JELLY,,,,,,,,,,,,,,
366,0.237653061,JELLY,,,,,,,,,,,,,,
367,0.292857143,JELLY,,,,,,,,,,,,,,
368,0.259081633,JELLY,,,,,,,,,,,,,,
369,0.208061224,JELLY,,,,,,,,,,,,,,
370,0.225,JELLY,,,,,,,,,,,,,,
371,0.264591837,JELLY,,,,,,,,,,,,,,
372,0.257959184,JELLY,,,,,,,,,,,,,,
373,0.243469388,JELLY,,,,,,,,,,,,,,
374,0.235510204,JELLY,,,,,,,,,,,,,,
375,0.238877551,JELLY,,,,,,,,,,,,,,
376,0.243061224,JELLY,,,,,,,,,,,,,,
377,0.221836735,JELLY,,,,,,,,,,,,,,
378,0.214387755,JELLY,,,,,,,,,,,,,,
379,0.245306122,KRAB,,,,,,,,,,,,,,
380,0.310204082,KRAB,,,,,,,,,,,,,,
381,0.370408163,KRAB,,,,,,,,,,,,,,
382,0.265102041,KRAB,,,,,,,,,,,,,,
383,0.258367347,KRAB,,,,,,,,,,,,,,
384,0.282244898,KRAB,,,,,,,,,,,,,,
385,0.274285714,KRAB,,,,,,,,,,,,,,
386,0.423061224,KRAB,,,,,,,,,,,,,,
387,0.28,KRAB,,,,,,,,,,,,,,
388,0.27377551,KRAB,,,,,,,,,,,,,,
389,0.248265306,KRAB,,,,,,,,,,,,,,
390,0.221632653,KRAB,,,,,,,,,,,,,,
391,0.243877551,KRAB,,,,,,,,,,,,,,
392,0.383469388,KRAB,,,,,,,,,,,,,,
393,0.22377551,KRAB,,,,,,,,,,,,,,
394,0.286938776,KRAB,,,,,,,,,,,,,,
395,0.247959184,KRAB,,,,,,,,,,,,,,
396,0.29244898,KRAB,,,,,,,,,,,,,,
397,0.228367347,KRAB,,,,,,,,,,,,,,
398,0.280612245,KRAB,,,,,,,,,,,,,,
399,0.339285714,KRAB,,,,,,,,,,,,,,
400,0.320306122,KRAB,,,,,,,,,,,,,,
401,0.362142857,KRAB,,,,,,,,,,,,,,
402,0.263877551,KRAB,,,,,,,,,,,,,,
403,0.300816327,KRAB,,,,,,,,,,,,,,
404,0.279489796,KRAB,,,,,,,,,,,,,,
405,0.261326531,KRAB,,,,,,,,,,,,,,
406,0.231632653,KRAB,,,,,,,,,,,,,,
407,0.415306122,KRAB,,,,,,,,,,,,,,
408,0.203877551,KRAB,,,,,,,,,,,,,,
409,0.240714286,KRAB,,,,,,,,,,,,,,
410,0.277959184,KRAB,,,,,,,,,,,,,,
411,0.25244898,KRAB,,,,,,,,,,,,,,
412,0.288163265,KRAB,,,,,,,,,,,,,,
413,0.314795918,KRAB,,,,,,,,,,,,,,
414,0.340408163,KRAB,,,,,,,,,,,,,,
415,0.340918367,KRAB,,,,,,,,,,,,,,
416,0.279387755,KRAB,,,,,,,,,,,,,,
417,0.299285714,KRAB,,,,,,,,,,,,,,
418,0.30255102,KRAB,,,,,,,,,,,,,,
419,0.285306122,KRAB,,,,,,,,,,,,,,
420,0.289489796,KRAB,,,,,,,,,,,,,,
421,0.428367347,KRAB,,,,,,,,,,,,,,
422,0.280306122,KRAB,,,,,,,,,,,,,,
423,0.244285714,KRAB,,,,,,,,,,,,,,
424,0.289285714,KRAB,,,,,,,,,,,,,,
425,0.373877551,KRAB,,,,,,,,,,,,,,
426,0.421428571,KRAB,,,,,,,,,,,,,,
427,0.417857143,KRAB,,,,,,,,,,,,,,
428,0.320408163,KRAB,,,,,,,,,,,,,,
429,0.342857143,KRAB,,,,,,,,,,,,,,
430,0.381122449,KRAB,,,,,,,,,,,,,,
431,0.397346939,KRAB,,,,,,,,,,,,,,
432,0.371836735,KRAB,,,,,,,,,,,,,,
433,0.378979592,KRAB,,,,,,,,,,,,,,
434,0.461632653,KRAB,,,,,,,,,,,,,,
435,0.340102041,KRAB,,,,,,,,,,,,,,
436,0.277244898,KRAB,,,,,,,,,,,,,,
437,0.257040816,KRAB,,,,,,,,,,,,,,
438,0.306326531,KRAB,,,,,,,,,,,,,,
439,0.341122449,KRAB,,,,,,,,,,,,,,
440,0.356428571,KRAB,,,,,,,,,,,,,,
441,0.237244898,KRAB,,,,,,,,,,,,,,
442,0.284183673,KRAB,,,,,,,,,,,,,,
443,0.324693878,KRAB,,,,,,,,,,,,,,
444,0.272142857,KRAB,,,,,,,,,,,,,,
445,0.310408163,KRAB,,,,,,,,,,,,,,
446,0.451326531,KRAB,,,,,,,,,,,,,,
447,0.270612245,KRAB,,,,,,,,,,,,,,
448,0.232040816,KRAB,,,,,,,,,,,,,,
449,0.251122449,KRAB,,,,,,,,,,,,,,
450,0.228673469,KRAB,,,,,,,,,,,,,,
451,0.381530612,KRAB,,,,,,,,,,,,,,
452,0.278163265,KRAB,,,,,,,,,,,,,,
453,0.252346939,KRAB,,,,,,,,,,,,,,
454,0.302857143,KRAB,,,,,,,,,,,,,,
455,0.26377551,KRAB,,,,,,,,,,,,,,
456,0.283877551,KRAB,,,,,,,,,,,,,,
457,0.429693878,KRAB,,,,,,,,,,,,,,
458,0.235612245,KRAB,,,,,,,,,,,,,,
459,0.247142857,KRAB,,,,,,,,,,,,,,
460,0.317244898,KRAB,,,,,,,,,,,,,,
461,0.434183673,KRAB,,,,,,,,,,,,,,
462,0.306326531,KRAB,,,,,,,,,,,,,,
463,0.251326531,KRAB,,,,,,,,,,,,,,
464,0.322142857,KRAB,,,,,,,,,,,,,,
465,0.305306122,KRAB,,,,,,,,,,,,,,
466,0.328163265,KRAB,,,,,,,,,,,,,,
467,0.449693878,KRAB,,,,,,,,,,,,,,
468,0.309897959,KRAB,,,,,,,,,,,,,,
469,0.281734694,KRAB,,,,,,,,,,,,,,
470,0.460816327,KRAB,,,,,,,,,,,,,,
471,0.369591837,KRAB,,,,,,,,,,,,,,
472,0.301326531,KRAB,,,,,,,,,,,,,,
473,0.269591837,KRAB,,,,,,,,,,,,,,
474,0.253673469,KRAB,,,,,,,,,,,,,,
475,0.240918367,KRAB,,,,,,,,,,,,,,
476,0.423367347,KRAB,,,,,,,,,,,,,,
477,0.24377551,KRAB,,,,,,,,,,,,,,
478,0.290102041,KRAB,,,,,,,,,,,,,,
479,0.283163265,KRAB,,,,,,,,,,,,,,
480,0.392142857,KRAB,,,,,,,,,,,,,,
481,0.427653061,KRAB,,,,,,,,,,,,,,
482,0.400612245,KRAB,,,,,,,,,,,,,,
483,0.423571429,KRAB,,,,,,,,,,,,,,
484,0.504795918,KRAB,,,,,,,,,,,,,,
485,0.380612245,KRAB,,,,,,,,,,,,,,
486,0.315714286,KRAB,,,,,,,,,,,,,,
487,0.253673469,KRAB,,,,,,,,,,,,,,
488,0.318265306,KRAB,,,,,,,,,,,,,,
489,0.273877551,KRAB,,,,,,,,,,,,,,
490,0.328367347,KRAB,,,,,,,,,,,,,,
491,0.43877551,KRAB,,,,,,,,,,,,,,
492,0.285612245,KRAB,,,,,,,,,,,,,,
493,0.248673469,KRAB,,,,,,,,,,,,,,
494,0.301530612,KRAB,,,,,,,,,,,,,,
495,0.274285714,KRAB,,,,,,,,,,,,,,
496,0.288571429,KRAB,,,,,,,,,,,,,,
497,0.430306122,KRAB,,,,,,,,,,,,,,
498,0.275612245,KRAB,,,,,,,,,,,,,,
499,0.249693878,KRAB,,,,,,,,,,,,,,
500,0.196632653,KRAB,,,,,,,,,,,,,,
501,0.20877551,KRAB,,,,,,,,,,,,,,
502,0.358367347,KRAB,,,,,,,,,,,,,,
503,0.216734694,KRAB,,,,,,,,,,,,,,
504,0.305204082,KRAB,,,,,,,,,,,,,,
505,0.219081633,KRAB,,,,,,,,,,,,,,
506,0.359081633,KRAB,,,,,,,,,,,,,,
507,0.205,KRAB,,,,,,,,,,,,,,
508,0.271530612,KRAB,,,,,,,,,,,,,,
509,0.415816327,KRAB,,,,,,,,,,,,,,
510,0.22755102,KRAB,,,,,,,,,,,,,,
511,0.279795918,KRAB,,,,,,,,,,,,,,
512,0.345204082,KRAB,,,,,,,,,,,,,,
513,0.427142857,KRAB,,,,,,,,,,,,,,
514,0.248163265,KRAB,,,,,,,,,,,,,,
515,0.233979592,PASJA_POMORSKA,,,,,,,,,,,,,,
516,0.258571429,PASJA_POMORSKA,,,,,,,,,,,,,,
517,0.25244898,PASJA_POMORSKA,,,,,,,,,,,,,,
518,0.246326531,PASJA_POMORSKA,,,,,,,,,,,,,,
519,0.254897959,PASJA_POMORSKA,,,,,,,,,,,,,,
520,0.228469388,PASJA_POMORSKA,,,,,,,,,,,,,,
521,0.246020408,PASJA_POMORSKA,,,,,,,,,,,,,,
522,0.259795918,PASJA_POMORSKA,,,,,,,,,,,,,,
523,0.265510204,PASJA_POMORSKA,,,,,,,,,,,,,,
524,0.319591837,PASJA_POMORSKA,,,,,,,,,,,,,,
525,0.248367347,PASJA_POMORSKA,,,,,,,,,,,,,,
526,0.255204082,PASJA_POMORSKA,,,,,,,,,,,,,,
527,0.287346939,PASJA_POMORSKA,,,,,,,,,,,,,,
528,0.252142857,PASJA_POMORSKA,,,,,,,,,,,,,,
529,0.274897959,PASJA_POMORSKA,,,,,,,,,,,,,,
530,0.297959184,PASJA_POMORSKA,,,,,,,,,,,,,,
531,0.322755102,PASJA_POMORSKA,,,,,,,,,,,,,,
532,0.284387755,PASJA_POMORSKA,,,,,,,,,,,,,,
533,0.272857143,PASJA_POMORSKA,,,,,,,,,,,,,,
534,0.279285714,PASJA_POMORSKA,,,,,,,,,,,,,,
535,0.297346939,PASJA_POMORSKA,,,,,,,,,,,,,,
536,0.294183673,PASJA_POMORSKA,,,,,,,,,,,,,,
537,0.285408163,PASJA_POMORSKA,,,,,,,,,,,,,,
538,0.310918367,PASJA_POMORSKA,,,,,,,,,,,,,,
539,0.272959184,PASJA_POMORSKA,,,,,,,,,,,,,,
540,0.337346939,PASJA_POMORSKA,,,,,,,,,,,,,,
541,0.272142857,PASJA_POMORSKA,,,,,,,,,,,,,,
542,0.296122449,PASJA_POMORSKA,,,,,,,,,,,,,,
543,0.302346939,PASJA_POMORSKA,,,,,,,,,,,,,,
544,0.29377551,PASJA_POMORSKA,,,,,,,,,,,,,,
545,0.28255102,PASJA_POMORSKA,,,,,,,,,,,,,,
546,0.290510204,PASJA_POMORSKA,,,,,,,,,,,,,,
547,0.318061224,PASJA_POMORSKA,,,,,,,,,,,,,,
548,0.230816327,PASJA_POMORSKA,,,,,,,,,,,,,,
549,0.214897959,PASJA_POMORSKA,,,,,,,,,,,,,,
550,0.225,PASJA_POMORSKA,,,,,,,,,,,,,,
551,0.26377551,PASJA_POMORSKA,,,,,,,,,,,,,,
552,0.225,PASJA_POMORSKA,,,,,,,,,,,,,,
553,0.289897959,PASJA_POMORSKA,,,,,,,,,,,,,,
554,0.239183673,PASJA_POMORSKA,,,,,,,,,,,,,,
555,0.291530612,PASJA_POMORSKA,,,,,,,,,,,,,,
556,0.253979592,PASJA_POMORSKA,,,,,,,,,,,,,,
557,0.273265306,PASJA_POMORSKA,,,,,,,,,,,,,,
558,0.260510204,PASJA_POMORSKA,,,,,,,,,,,,,,
559,0.25877551,PASJA_POMORSKA,,,,,,,,,,,,,,
560,0.255408163,PASJA_POMORSKA,,,,,,,,,,,,,,
561,0.280612245,PASJA_POMORSKA,,,,,,,,,,,,,,
562,0.280816327,PASJA_POMORSKA,,,,,,,,,,,,,,
563,0.212244898,PASJA_POMORSKA,,,,,,,,,,,,,,
564,0.241530612,PASJA_POMORSKA,,,,,,,,,,,,,,
565,0.306530612,PASJA_POMORSKA,,,,,,,,,,,,,,
566,0.284693878,PASJA_POMORSKA,,,,,,,,,,,,,,
567,0.32255102,PASJA_POMORSKA,,,,,,,,,,,,,,
568,0.250102041,PASJA_POMORSKA,,,,,,,,,,,,,,
569,0.314285714,PASJA_POMORSKA,,,,,,,,,,,,,,
570,0.270918367,PASJA_POMORSKA,,,,,,,,,,,,,,
571,0.305,PASJA_POMORSKA,,,,,,,,,,,,,,
572,0.288061224,PASJA_POMORSKA,,,,,,,,,,,,,,
573,0.267653061,PASJA_POMORSKA,,,,,,,,,,,,,,
574,0.256122449,PASJA_POMORSKA,,,,,,,,,,,,,,
575,0.252346939,PASJA_POMORSKA,,,,,,,,,,,,,,
576,0.262857143,PASJA_POMORSKA,,,,,,,,,,,,,,
577,0.241836735,PASJA_POMORSKA,,,,,,,,,,,,,,
578,0.281530612,PASJA_POMORSKA,,,,,,,,,,,,,,
579,0.223877551,PASJA_POMORSKA,,,,,,,,,,,,,,
580,0.306428571,PASJA_POMORSKA,,,,,,,,,,,,,,
581,0.216020408,PASJA_POMORSKA,,,,,,,,,,,,,,
582,0.27622449,PASJA_POMORSKA,,,,,,,,,,,,,,
583,0.275204082,PASJA_POMORSKA,,,,,,,,,,,,,,
584,0.295102041,PASJA_POMORSKA,,,,,,,,,,,,,,
585,0.276326531,PASJA_POMORSKA,,,,,,,,,,,,,,
586,0.283877551,PASJA_POMORSKA,,,,,,,,,,,,,,
587,0.244489796,PASJA_POMORSKA,,,,,,,,,,,,,,
588,0.27622449,PASJA_POMORSKA,,,,,,,,,,,,,,
589,0.243979592,PASJA_POMORSKA,,,,,,,,,,,,,,
590,0.271122449,PASJA_POMORSKA,,,,,,,,,,,,,,
591,0.283061224,PASJA_POMORSKA,,,,,,,,,,,,,,
592,0.282040816,PASJA_POMORSKA,,,,,,,,,,,,,,
593,0.276938776,PASJA_POMORSKA,,,,,,,,,,,,,,
594,0.297244898,PASJA_POMORSKA,,,,,,,,,,,,,,
595,0.247653061,PASJA_POMORSKA,,,,,,,,,,,,,,
596,0.287653061,PASJA_POMORSKA,,,,,,,,,,,,,,
597,0.269897959,PASJA_POMORSKA,,,,,,,,,,,,,,
598,0.260612245,PASJA_POMORSKA,,,,,,,,,,,,,,
599,0.245408163,PASJA_POMORSKA,,,,,,,,,,,,,,
600,0.275714286,PASJA_POMORSKA,,,,,,,,,,,,,,
601,0.306938776,PASJA_POMORSKA,,,,,,,,,,,,,,
602,0.231428571,PASJA_POMORSKA,,,,,,,,,,,,,,
603,0.17244898,PASJA_POMORSKA,,,,,,,,,,,,,,
604,0.261530612,PASJA_POMORSKA,,,,,,,,,,,,,,
605,0.329387755,PASJA_POMORSKA,,,,,,,,,,,,,,
606,0.195918367,PASJA_POMORSKA,,,,,,,,,,,,,,
607,0.216632653,PASJA_POMORSKA,,,,,,,,,,,,,,
608,0.261122449,PASJA_POMORSKA,,,,,,,,,,,,,,
609,0.229795918,PASJA_POMORSKA,,,,,,,,,,,,,,
610,0.260102041,PASJA_POMORSKA,,,,,,,,,,,,,,
611,0.289081633,PASJA_POMORSKA,,,,,,,,,,,,,,
612,0.336836735,PASJA_POMORSKA,,,,,,,,,,,,,,
613,0.277857143,PASJA_POMORSKA,,,,,,,,,,,,,,
614,0.190918367,PASJA_POMORSKA,,,,,,,,,,,,,,
615,0.281020408,PASJA_POMORSKA,,,,,,,,,,,,,,
616,0.260612245,PASJA_POMORSKA,,,,,,,,,,,,,,
617,0.30122449,PASJA_POMORSKA,,,,,,,,,,,,,,
618,0.276632653,PASJA_POMORSKA,,,,,,,,,,,,,,
619,0.295918367,PASJA_POMORSKA,,,,,,,,,,,,,,
620,0.262653061,PASJA_POMORSKA,,,,,,,,,,,,,,
621,0.304285714,PASJA_POMORSKA,,,,,,,,,,,,,,
622,0.299693878,PASJA_POMORSKA,,,,,,,,,,,,,,
623,0.297244898,PASJA_POMORSKA,,,,,,,,,,,,,,
624,0.346938776,PASJA_POMORSKA,,,,,,,,,,,,,,
625,0.225102041,PASJA_POMORSKA,,,,,,,,,,,,,,
626,0.25755102,PASJA_POMORSKA,,,,,,,,,,,,,,
627,0.273367347,PASJA_POMORSKA,,,,,,,,,,,,,,
628,0.262755102,PASJA_POMORSKA,,,,,,,,,,,,,,
629,0.267142857,PASJA_POMORSKA,,,,,,,,,,,,,,
630,0.31,PASJA_POMORSKA,,,,,,,,,,,,,,
631,0.357346939,PASJA_POMORSKA,,,,,,,,,,,,,,
632,0.229795918,PASJA_POMORSKA,,,,,,,,,,,,,,
633,0.251938776,PASJA_POMORSKA,,,,,,,,,,,,,,
634,0.290204082,PASJA_POMORSKA,,,,,,,,,,,,,,
635,0.242244898,PASJA_POMORSKA,,,,,,,,,,,,,,
636,0.276020408,PASJA_POMORSKA,,,,,,,,,,,,,,
637,0.212653061,PASJA_POMORSKA,,,,,,,,,,,,,,
638,0.256326531,PASJA_POMORSKA,,,,,,,,,,,,,,
639,0.241530612,PASJA_POMORSKA,,,,,,,,,,,,,,
640,0.304489796,PASJA_POMORSKA,,,,,,,,,,,,,,
641,0.333061224,PASJA_POMORSKA,,,,,,,,,,,,,,
642,0.264285714,PASJA_POMORSKA,,,,,,,,,,,,,,
643,0.32,PASJA_POMORSKA,,,,,,,,,,,,,,
644,0.255612245,PASJA_POMORSKA,,,,,,,,,,,,,,
645,0.316632653,PASJA_POMORSKA,,,,,,,,,,,,,,
646,0.235408163,PASJA_POMORSKA,,,,,,,,,,,,,,
647,0.166530612,PASJA_POMORSKA,,,,,,,,,,,,,,
648,0.218877551,PASJA_POMORSKA,,,,,,,,,,,,,,
649,0.170204082,PASJA_POMORSKA,,,,,,,,,,,,,,
650,0.226326531,PASJA_POMORSKA,,,,,,,,,,,,,,
651,0.254387755,PASJA_POMORSKA,,,,,,,,,,,,,,
652,0.318877551,PASJA_POMORSKA,,,,,,,,,,,,,,
653,0.225204082,PASJA_POMORSKA,,,,,,,,,,,,,,
654,0.19622449,PASJA_POMORSKA,,,,,,,,,,,,,,
655,0.25377551,PASJA_POMORSKA,,,,,,,,,,,,,,
656,0.289489796,PASJA_POMORSKA,,,,,,,,,,,,,,
657,0.333469388,PASJA_POMORSKA,,,,,,,,,,,,,,
658,0.219285714,PASJA_POMORSKA,,,,,,,,,,,,,,
659,0.220102041,PASJA_POMORSKA,,,,,,,,,,,,,,
660,0.255306122,PASJA_POMORSKA,,,,,,,,,,,,,,
661,0.270816327,PASJA_POMORSKA,,,,,,,,,,,,,,
662,0.254285714,PASJA_POMORSKA,,,,,,,,,,,,,,
663,0.271836735,PASJA_POMORSKA,,,,,,,,,,,,,,
664,0.30622449,PASJA_POMORSKA,,,,,,,,,,,,,,
665,0.243367347,PASJA_POMORSKA,,,,,,,,,,,,,,
666,0.260102041,PASJA_POMORSKA,,,,,,,,,,,,,,
667,0.230612245,PASJA_POMORSKA,,,,,,,,,,,,,,
668,0.299183673,RUDAWA,,,,,,,,,,,,,,
669,0.268367347,RUDAWA,,,,,,,,,,,,,,
670,0.286020408,RUDAWA,,,,,,,,,,,,,,
671,0.306836735,RUDAWA,,,,,,,,,,,,,,
672,0.220204082,RUDAWA,,,,,,,,,,,,,,
673,0.275,RUDAWA,,,,,,,,,,,,,,
674,0.298163265,RUDAWA,,,,,,,,,,,,,,
675,0.318979592,RUDAWA,,,,,,,,,,,,,,
676,0.276530612,RUDAWA,,,,,,,,,,,,,,
677,0.354795918,RUDAWA,,,,,,,,,,,,,,
678,0.268469388,RUDAWA,,,,,,,,,,,,,,
679,0.259489796,RUDAWA,,,,,,,,,,,,,,
680,0.254285714,RUDAWA,,,,,,,,,,,,,,
681,0.323469388,RUDAWA,,,,,,,,,,,,,,
682,0.385918367,RUDAWA,,,,,,,,,,,,,,
683,0.387346939,RUDAWA,,,,,,,,,,,,,,
684,0.264285714,RUDAWA,,,,,,,,,,,,,,
685,0.300102041,RUDAWA,,,,,,,,,,,,,,
686,0.31244898,RUDAWA,,,,,,,,,,,,,,
687,0.275306122,RUDAWA,,,,,,,,,,,,,,
688,0.285510204,RUDAWA,,,,,,,,,,,,,,
689,0.317857143,RUDAWA,,,,,,,,,,,,,,
690,0.312755102,RUDAWA,,,,,,,,,,,,,,
691,0.286530612,RUDAWA,,,,,,,,,,,,,,
692,0.321326531,RUDAWA,,,,,,,,,,,,,,
693,0.335714286,RUDAWA,,,,,,,,,,,,,,
694,0.289387755,RUDAWA,,,,,,,,,,,,,,
695,0.295306122,RUDAWA,,,,,,,,,,,,,,
696,0.325306122,RUDAWA,,,,,,,,,,,,,,
697,0.343877551,RUDAWA,,,,,,,,,,,,,,
698,0.360612245,RUDAWA,,,,,,,,,,,,,,
699,0.316836735,RUDAWA,,,,,,,,,,,,,,
700,0.313571429,RUDAWA,,,,,,,,,,,,,,
701,0.225306122,RUDAWA,,,,,,,,,,,,,,
702,0.214591837,RUDAWA,,,,,,,,,,,,,,
703,0.265918367,RUDAWA,,,,,,,,,,,,,,
704,0.310408163,RUDAWA,,,,,,,,,,,,,,
705,0.189183673,RUDAWA,,,,,,,,,,,,,,
706,0.342142857,RUDAWA,,,,,,,,,,,,,,
707,0.295918367,RUDAWA,,,,,,,,,,,,,,
708,0.255102041,RUDAWA,,,,,,,,,,,,,,
709,0.28622449,RUDAWA,,,,,,,,,,,,,,
710,0.326326531,RUDAWA,,,,,,,,,,,,,,
711,0.394591837,RUDAWA,,,,,,,,,,,,,,
712,0.387040816,RUDAWA,,,,,,,,,,,,,,
713,0.27,RUDAWA,,,,,,,,,,,,,,
714,0.293265306,RUDAWA,,,,,,,,,,,,,,
715,0.352142857,RUDAWA,,,,,,,,,,,,,,
716,0.37377551,RUDAWA,,,,,,,,,,,,,,
717,0.276734694,RUDAWA,,,,,,,,,,,,,,
718,0.358979592,RUDAWA,,,,,,,,,,,,,,
719,0.317653061,RUDAWA,,,,,,,,,,,,,,
720,0.344897959,RUDAWA,,,,,,,,,,,,,,
721,0.333469388,RUDAWA,,,,,,,,,,,,,,
722,0.312142857,RUDAWA,,,,,,,,,,,,,,
723,0.240816327,RUDAWA,,,,,,,,,,,,,,
724,0.347244898,RUDAWA,,,,,,,,,,,,,,
725,0.324795918,RUDAWA,,,,,,,,,,,,,,
726,0.322653061,RUDAWA,,,,,,,,,,,,,,
727,0.333571429,RUDAWA,,,,,,,,,,,,,,
728,0.343163265,RUDAWA,,,,,,,,,,,,,,
729,0.271122449,RUDAWA,,,,,,,,,,,,,,
730,0.340306122,RUDAWA,,,,,,,,,,,,,,
731,0.314285714,RUDAWA,,,,,,,,,,,,,,
732,0.356938776,RUDAWA,,,,,,,,,,,,,,
733,0.323673469,RUDAWA,,,,,,,,,,,,,,
734,0.307040816,RUDAWA,,,,,,,,,,,,,,
735,0.247346939,RUDAWA,,,,,,,,,,,,,,
736,0.342040816,RUDAWA,,,,,,,,,,,,,,
737,0.290918367,RUDAWA,,,,,,,,,,,,,,
738,0.207959184,RUDAWA,,,,,,,,,,,,,,
739,0.228877551,RUDAWA,,,,,,,,,,,,,,
740,0.265102041,RUDAWA,,,,,,,,,,,,,,
741,0.219795918,RUDAWA,,,,,,,,,,,,,,
742,0.301428571,RUDAWA,,,,,,,,,,,,,,
743,0.248265306,RUDAWA,,,,,,,,,,,,,,
744,0.250204082,RUDAWA,,,,,,,,,,,,,,
745,0.244285714,RUDAWA,,,,,,,,,,,,,,
746,0.311428571,RUDAWA,,,,,,,,,,,,,,
747,0.364897959,RUDAWA,,,,,,,,,,,,,,
748,0.34755102,RUDAWA,,,,,,,,,,,,,,
749,0.189183673,RUDAWA,,,,,,,,,,,,,,
750,0.303469388,RUDAWA,,,,,,,,,,,,,,
751,0.235612245,RUDAWA,,,,,,,,,,,,,,
752,0.356020408,RUDAWA,,,,,,,,,,,,,,
753,0.246530612,RUDAWA,,,,,,,,,,,,,,
754,0.251020408,RUDAWA,,,,,,,,,,,,,,
755,0.271326531,RUDAWA,,,,,,,,,,,,,,
756,0.322653061,RUDAWA,,,,,,,,,,,,,,
757,0.378163265,RUDAWA,,,,,,,,,,,,,,
758,0.382653061,RUDAWA,,,,,,,,,,,,,,
759,0.307142857,RUDAWA,,,,,,,,,,,,,,
760,0.256530612,RUDAWA,,,,,,,,,,,,,,
761,0.325918367,RUDAWA,,,,,,,,,,,,,,
762,0.282040816,RUDAWA,,,,,,,,,,,,,,
763,0.284897959,RUDAWA,,,,,,,,,,,,,,
764,0.285,RUDAWA,,,,,,,,,,,,,,
765,0.337040816,RUDAWA,,,,,,,,,,,,,,
766,0.374795918,RUDAWA,,,,,,,,,,,,,,
767,0.369387755,RUDAWA,,,,,,,,,,,,,,
768,0.309387755,RUDAWA,,,,,,,,,,,,,,
769,0.279897959,RUDAWA,,,,,,,,,,,,,,
770,0.327755102,RUDAWA,,,,,,,,,,,,,,
771,0.307959184,RUDAWA,,,,,,,,,,,,,,
772,0.289285714,RUDAWA,,,,,,,,,,,,,,
773,0.246428571,RUDAWA,,,,,,,,,,,,,,
774,0.356836735,RUDAWA,,,,,,,,,,,,,,
775,0.325,RUDAWA,,,,,,,,,,,,,,
776,0.314897959,RUDAWA,,,,,,,,,,,,,,
777,0.283571429,RUDAWA,,,,,,,,,,,,,,
778,0.244795918,RUDAWA,,,,,,,,,,,,,,
779,0.287244898,RUDAWA,,,,,,,,,,,,,,
780,0.349285714,RUDAWA,,,,,,,,,,,,,,
781,0.391122449,RUDAWA,,,,,,,,,,,,,,
782,0.417857143,RUDAWA,,,,,,,,,,,,,,
783,0.373571429,RUDAWA,,,,,,,,,,,,,,
784,0.340510204,RUDAWA,,,,,,,,,,,,,,
785,0.319795918,RUDAWA,,,,,,,,,,,,,,
786,0.306530612,RUDAWA,,,,,,,,,,,,,,
787,0.359081633,RUDAWA,,,,,,,,,,,,,,
788,0.364795918,RUDAWA,,,,,,,,,,,,,,
789,0.239183673,RUDAWA,,,,,,,,,,,,,,
790,0.265102041,RUDAWA,,,,,,,,,,,,,,
791,0.343673469,RUDAWA,,,,,,,,,,,,,,
792,0.370510204,RUDAWA,,,,,,,,,,,,,,
793,0.413367347,RUDAWA,,,,,,,,,,,,,,
794,0.23,RUDAWA,,,,,,,,,,,,,,
795,0.321428571,RUDAWA,,,,,,,,,,,,,,
796,0.364795918,RUDAWA,,,,,,,,,,,,,,
797,0.402040816,RUDAWA,,,,,,,,,,,,,,
798,0.31622449,RUDAWA,,,,,,,,,,,,,,
799,0.341428571,RUDAWA,,,,,,,,,,,,,,
800,0.370102041,RUDAWA,,,,,,,,,,,,,,
801,0.34255102,RUDAWA,,,,,,,,,,,,,,
802,0.264489796,RUDAWA,,,,,,,,,,,,,,
803,0.36755102,RUDAWA,,,,,,,,,,,,,,
804,0.228367347,SALTO,,,,,,,,,,,,,,
805,0.26122449,SALTO,,,,,,,,,,,,,,
806,0.201122449,SALTO,,,,,,,,,,,,,,
807,0.269285714,SALTO,,,,,,,,,,,,,,
808,0.255612245,SALTO,,,,,,,,,,,,,,
809,0.249897959,SALTO,,,,,,,,,,,,,,
810,0.252755102,SALTO,,,,,,,,,,,,,,
811,0.27244898,SALTO,,,,,,,,,,,,,,
812,0.266734694,SALTO,,,,,,,,,,,,,,
813,0.25122449,SALTO,,,,,,,,,,,,,,
814,0.282040816,SALTO,,,,,,,,,,,,,,
815,0.224081633,SALTO,,,,,,,,,,,,,,
816,0.261836735,SALTO,,,,,,,,,,,,,,
817,0.238673469,SALTO,,,,,,,,,,,,,,
818,0.231020408,SALTO,,,,,,,,,,,,,,
819,0.25,SALTO,,,,,,,,,,,,,,
820,0.270510204,SALTO,,,,,,,,,,,,,,
821,0.295102041,SALTO,,,,,,,,,,,,,,
822,0.179489796,SALTO,,,,,,,,,,,,,,
823,0.198673469,SALTO,,,,,,,,,,,,,,
824,0.182244898,SALTO,,,,,,,,,,,,,,
825,0.259081633,SALTO,,,,,,,,,,,,,,
826,0.263469388,SALTO,,,,,,,,,,,,,,
827,0.285714286,SALTO,,,,,,,,,,,,,,
828,0.204387755,SALTO,,,,,,,,,,,,,,
829,0.24877551,SALTO,,,,,,,,,,,,,,
830,0.229387755,SALTO,,,,,,,,,,,,,,
831,0.263877551,SALTO,,,,,,,,,,,,,,
832,0.297346939,SALTO,,,,,,,,,,,,,,
833,0.218673469,SALTO,,,,,,,,,,,,,,
834,0.244489796,SALTO,,,,,,,,,,,,,,
835,0.286326531,SALTO,,,,,,,,,,,,,,
836,0.293571429,SALTO,,,,,,,,,,,,,,
837,0.260612245,SALTO,,,,,,,,,,,,,,
838,0.328673469,SALTO,,,,,,,,,,,,,,
839,0.319489796,SALTO,,,,,,,,,,,,,,
840,0.339795918,SALTO,,,,,,,,,,,,,,
841,0.337857143,SALTO,,,,,,,,,,,,,,
842,0.310816327,SALTO,,,,,,,,,,,,,,
843,0.311836735,SALTO,,,,,,,,,,,,,,
844,0.292346939,SALTO,,,,,,,,,,,,,,
845,0.30255102,SALTO,,,,,,,,,,,,,,
846,0.312857143,SALTO,,,,,,,,,,,,,,
847,0.346734694,SALTO,,,,,,,,,,,,,,
848,0.304387755,SALTO,,,,,,,,,,,,,,
849,0.296734694,SALTO,,,,,,,,,,,,,,
850,0.321938776,SALTO,,,,,,,,,,,,,,
851,0.36377551,SALTO,,,,,,,,,,,,,,
852,0.224693878,SALTO,,,,,,,,,,,,,,
853,0.210816327,SALTO,,,,,,,,,,,,,,
854,0.254693878,SALTO,,,,,,,,,,,,,,
855,0.273265306,SALTO,,,,,,,,,,,,,,
856,0.275102041,SALTO,,,,,,,,,,,,,,
857,0.219387755,SALTO,,,,,,,,,,,,,,
858,0.26377551,SALTO,,,,,,,,,,,,,,
859,0.227755102,SALTO,,,,,,,,,,,,,,
860,0.256122449,SALTO,,,,,,,,,,,,,,
861,0.283979592,SALTO,,,,,,,,,,,,,,
862,0.199387755,SALTO,,,,,,,,,,,,,,
863,0.207653061,SALTO,,,,,,,,,,,,,,
864,0.24622449,SALTO,,,,,,,,,,,,,,
865,0.300918367,SALTO,,,,,,,,,,,,,,
866,0.180816327,SALTO,,,,,,,,,,,,,,
867,0.270816327,SALTO,,,,,,,,,,,,,,
868,0.308367347,SALTO,,,,,,,,,,,,,,
869,0.297244898,SALTO,,,,,,,,,,,,,,
870,0.18622449,SALTO,,,,,,,,,,,,,,
871,0.288877551,SALTO,,,,,,,,,,,,,,
872,0.221020408,SALTO,,,,,,,,,,,,,,
873,0.275408163,SALTO,,,,,,,,,,,,,,
874,0.288061224,SALTO,,,,,,,,,,,,,,
875,0.215204082,SALTO,,,,,,,,,,,,,,
876,0.208673469,SALTO,,,,,,,,,,,,,,
877,0.279285714,SALTO,,,,,,,,,,,,,,
878,0.300204082,SALTO,,,,,,,,,,,,,,
879,0.291836735,SALTO,,,,,,,,,,,,,,
880,0.300204082,SALTO,,,,,,,,,,,,,,
881,0.296836735,SALTO,,,,,,,,,,,,,,
882,0.175816327,SALTO,,,,,,,,,,,,,,
883,0.310714286,SALTO,,,,,,,,,,,,,,
884,0.243163265,SALTO,,,,,,,,,,,,,,
885,0.288877551,SALTO,,,,,,,,,,,,,,
886,0.329387755,SALTO,,,,,,,,,,,,,,
887,0.251428571,SALTO,,,,,,,,,,,,,,
888,0.237857143,SALTO,,,,,,,,,,,,,,
889,0.299693878,SALTO,,,,,,,,,,,,,,
890,0.308265306,SALTO,,,,,,,,,,,,,,
891,0.208061224,SALTO,,,,,,,,,,,,,,
892,0.203061224,SALTO,,,,,,,,,,,,,,
893,0.270510204,SALTO,,,,,,,,,,,,,,
894,0.229081633,SALTO,,,,,,,,,,,,,,
895,0.249081633,SALTO,,,,,,,,,,,,,,
896,0.225918367,SALTO,,,,,,,,,,,,,,
897,0.23255102,SALTO,,,,,,,,,,,,,,
898,0.238061224,SALTO,,,,,,,,,,,,,,
899,0.251530612,SALTO,,,,,,,,,,,,,,
900,0.28377551,SALTO,,,,,,,,,,,,,,
901,0.273877551,SALTO,,,,,,,,,,,,,,
902,0.241020408,SALTO,,,,,,,,,,,,,,
903,0.280102041,SALTO,,,,,,,,,,,,,,
904,0.200306122,SALTO,,,,,,,,,,,,,,
905,0.279387755,SALTO,,,,,,,,,,,,,,
906,0.215102041,SALTO,,,,,,,,,,,,,,
907,0.23255102,SALTO,,,,,,,,,,,,,,
908,0.242244898,SALTO,,,,,,,,,,,,,,
909,0.248979592,SALTO,,,,,,,,,,,,,,
910,0.257755102,SALTO,,,,,,,,,,,,,,
911,0.26622449,SALTO,,,,,,,,,,,,,,
912,0.270714286,SALTO,,,,,,,,,,,,,,
913,0.228877551,SALTO,,,,,,,,,,,,,,
914,0.248469388,SALTO,,,,,,,,,,,,,,
915,0.255102041,SALTO,,,,,,,,,,,,,,
916,0.259489796,SALTO,,,,,,,,,,,,,,
917,0.247244898,SALTO,,,,,,,,,,,,,,
918,0.270510204,SALTO,,,,,,,,,,,,,,
919,0.299693878,SALTO,,,,,,,,,,,,,,
920,0.270612245,SALTO,,,,,,,,,,,,,,
921,0.272857143,SALTO,,,,,,,,,,,,,,
922,0.201428571,SALTO,,,,,,,,,,,,,,
923,0.268061224,SALTO,,,,,,,,,,,,,,
924,0.293061224,SALTO,,,,,,,,,,,,,,
925,0.224489796,SALTO,,,,,,,,,,,,,,
926,0.202755102,SALTO,,,,,,,,,,,,,,
927,0.279387755,SALTO,,,,,,,,,,,,,,
928,0.294387755,SALTO,,,,,,,,,,,,,,
929,0.232755102,SALTO,,,,,,,,,,,,,,
930,0.20744898,SALTO,,,,,,,,,,,,,,
931,0.255510204,SALTO,,,,,,,,,,,,,,
932,0.248877551,SALTO,,,,,,,,,,,,,,
933,0.233367347,SALTO,,,,,,,,,,,,,,
934,0.24244898,SALTO,,,,,,,,,,,,,,
935,0.272959184,SALTO,,,,,,,,,,,,,,
936,0.270102041,SALTO,,,,,,,,,,,,,,
937,0.279183673,SALTO,,,,,,,,,,,,,,
938,0.217653061,SALTO,,,,,,,,,,,,,,
939,0.201530612,SALTO,,,,,,,,,,,,,,
940,0.270510204,SALTO,,,,,,,,,,,,,,
941,0.283061224,SALTO,,,,,,,,,,,,,,
942,0.202040816,SALTO,,,,,,,,,,,,,,
943,0.222857143,SALTO,,,,,,,,,,,,,,
944,0.230918367,SALTO,,,,,,,,,,,,,,
945,0.217857143,SALTO,,,,,,,,,,,,,,
946,0.251428571,SALTO,,,,,,,,,,,,,,
947,0.18877551,SALTO,,,,,,,,,,,,,,
948,0.255714286,SALTO,,,,,,,,,,,,,,
949,0.257142857,SALTO,,,,,,,,,,,,,,
950,0.25377551,SALTO,,,,,,,,,,,,,,
951,0.199795918,SALTO,,,,,,,,,,,,,,
952,0.213061224,SALTO,,,,,,,,,,,,,,
953,0.25122449,SALTO,,,,,,,,,,,,,,
954,0.201836735,SALTO,,,,,,,,,,,,,,
955,0.253163265,SALTO,,,,,,,,,,,,,,
956,0.257857143,SALTO,,,,,,,,,,,,,,